path,category,eco_label,fold,split
data/ESC-50/audio_16k/1-100038-A-14.wav,chirping_birds,bird,1,train
data/ESC-50/audio_16k/1-101296-A-19.wav,thunderstorm,nature,1,train
data/ESC-50/audio_16k/1-101296-B-19.wav,thunderstorm,nature,1,train
data/ESC-50/audio_16k/1-103298-A-9.wav,crow,bird,1,train
data/ESC-50/audio_16k/1-104089-A-22.wav,clapping,human,1,train
data/ESC-50/audio_16k/1-104089-B-22.wav,clapping,human,1,train
data/ESC-50/audio_16k/1-105224-A-22.wav,clapping,human,1,train
data/ESC-50/audio_16k/1-110537-A-22.wav,clapping,human,1,train
data/ESC-50/audio_16k/1-115521-A-19.wav,thunderstorm,nature,1,train
data/ESC-50/audio_16k/1-115920-A-22.wav,clapping,human,1,train
data/ESC-50/audio_16k/1-115920-B-22.wav,clapping,human,1,train
data/ESC-50/audio_16k/1-115921-A-22.wav,clapping,human,1,train
data/ESC-50/audio_16k/1-116765-A-41.wav,chainsaw,motor,1,train
data/ESC-50/audio_16k/1-119125-A-45.wav,train,motor,1,train
data/ESC-50/audio_16k/1-137296-A-16.wav,wind,nature,1,train
data/ESC-50/audio_16k/1-172649-A-40.wav,helicopter,motor,1,train
data/ESC-50/audio_16k/1-172649-B-40.wav,helicopter,motor,1,train
data/ESC-50/audio_16k/1-172649-C-40.wav,helicopter,motor,1,train
data/ESC-50/audio_16k/1-172649-D-40.wav,helicopter,motor,1,train
data/ESC-50/audio_16k/1-172649-E-40.wav,helicopter,motor,1,train
data/ESC-50/audio_16k/1-172649-F-40.wav,helicopter,motor,1,train
data/ESC-50/audio_16k/1-17367-A-10.wav,rain,nature,1,train
data/ESC-50/audio_16k/1-17585-A-7.wav,insects,nature,1,train
data/ESC-50/audio_16k/1-1791-A-26.wav,laughing,human,1,train
data/ESC-50/audio_16k/1-18074-A-6.wav,hen,bird,1,train
data/ESC-50/audio_16k/1-18074-B-6.wav,hen,bird,1,train
data/ESC-50/audio_16k/1-181071-A-40.wav,helicopter,motor,1,train
data/ESC-50/audio_16k/1-181071-B-40.wav,helicopter,motor,1,train
data/ESC-50/audio_16k/1-18527-A-44.wav,engine,motor,1,train
data/ESC-50/audio_16k/1-18527-B-44.wav,engine,motor,1,train
data/ESC-50/audio_16k/1-18631-A-23.wav,breathing,human,1,train
data/ESC-50/audio_16k/1-187207-A-20.wav,crying_baby,human,1,train
data/ESC-50/audio_16k/1-19111-A-24.wav,coughing,human,1,train
data/ESC-50/audio_16k/1-19118-A-24.wav,coughing,human,1,train
data/ESC-50/audio_16k/1-19501-A-7.wav,insects,nature,1,train
data/ESC-50/audio_16k/1-19898-A-41.wav,chainsaw,motor,1,train
data/ESC-50/audio_16k/1-19898-B-41.wav,chainsaw,motor,1,train
data/ESC-50/audio_16k/1-19898-C-41.wav,chainsaw,motor,1,train
data/ESC-50/audio_16k/1-211527-A-20.wav,crying_baby,human,1,train
data/ESC-50/audio_16k/1-211527-B-20.wav,crying_baby,human,1,train
data/ESC-50/audio_16k/1-211527-C-20.wav,crying_baby,human,1,train
data/ESC-50/audio_16k/1-21189-A-10.wav,rain,nature,1,train
data/ESC-50/audio_16k/1-22694-A-20.wav,crying_baby,human,1,train
data/ESC-50/audio_16k/1-22694-B-20.wav,crying_baby,human,1,train
data/ESC-50/audio_16k/1-22882-A-44.wav,engine,motor,1,train
data/ESC-50/audio_16k/1-23222-A-19.wav,thunderstorm,nature,1,train
data/ESC-50/audio_16k/1-23222-B-19.wav,thunderstorm,nature,1,train
data/ESC-50/audio_16k/1-24524-A-19.wav,thunderstorm,nature,1,train
data/ESC-50/audio_16k/1-24524-B-19.wav,thunderstorm,nature,1,train
data/ESC-50/audio_16k/1-24524-C-19.wav,thunderstorm,nature,1,train
data/ESC-50/audio_16k/1-26143-A-21.wav,sneezing,human,1,train
data/ESC-50/audio_16k/1-26222-A-10.wav,rain,nature,1,train
data/ESC-50/audio_16k/1-26806-A-1.wav,rooster,bird,1,train
data/ESC-50/audio_16k/1-27724-A-1.wav,rooster,bird,1,train
data/ESC-50/audio_16k/1-28135-A-11.wav,sea_waves,nature,1,train
data/ESC-50/audio_16k/1-28135-B-11.wav,sea_waves,nature,1,train
data/ESC-50/audio_16k/1-29532-A-16.wav,wind,nature,1,train
data/ESC-50/audio_16k/1-29561-A-10.wav,rain,nature,1,train
data/ESC-50/audio_16k/1-29680-A-21.wav,sneezing,human,1,train
data/ESC-50/audio_16k/1-30039-A-26.wav,laughing,human,1,train
data/ESC-50/audio_16k/1-30043-A-26.wav,laughing,human,1,train
data/ESC-50/audio_16k/1-30709-A-23.wav,breathing,human,1,train
data/ESC-50/audio_16k/1-30709-B-23.wav,breathing,human,1,train
data/ESC-50/audio_16k/1-30709-C-23.wav,breathing,human,1,train
data/ESC-50/audio_16k/1-30830-A-24.wav,coughing,human,1,train
data/ESC-50/audio_16k/1-31251-A-6.wav,hen,bird,1,train
data/ESC-50/audio_16k/1-31251-B-6.wav,hen,bird,1,train
data/ESC-50/audio_16k/1-31482-A-42.wav,siren,motor,1,train
data/ESC-50/audio_16k/1-31482-B-42.wav,siren,motor,1,train
data/ESC-50/audio_16k/1-31748-A-21.wav,sneezing,human,1,train
data/ESC-50/audio_16k/1-33658-A-26.wav,laughing,human,1,train
data/ESC-50/audio_16k/1-34119-A-1.wav,rooster,bird,1,train
data/ESC-50/audio_16k/1-34119-B-1.wav,rooster,bird,1,train
data/ESC-50/audio_16k/1-34495-A-14.wav,chirping_birds,bird,1,train
data/ESC-50/audio_16k/1-34497-A-14.wav,chirping_birds,bird,1,train
data/ESC-50/audio_16k/1-36164-A-26.wav,laughing,human,1,train
data/ESC-50/audio_16k/1-36164-B-26.wav,laughing,human,1,train
data/ESC-50/audio_16k/1-36393-A-23.wav,breathing,human,1,train
data/ESC-50/audio_16k/1-36397-A-23.wav,breathing,human,1,train
data/ESC-50/audio_16k/1-36400-A-23.wav,breathing,human,1,train
data/ESC-50/audio_16k/1-36402-A-23.wav,breathing,human,1,train
data/ESC-50/audio_16k/1-38559-A-14.wav,chirping_birds,bird,1,train
data/ESC-50/audio_16k/1-38560-A-14.wav,chirping_birds,bird,1,train
data/ESC-50/audio_16k/1-39835-A-9.wav,crow,bird,1,train
data/ESC-50/audio_16k/1-39835-B-9.wav,crow,bird,1,train
data/ESC-50/audio_16k/1-39901-A-11.wav,sea_waves,nature,1,train
data/ESC-50/audio_16k/1-39901-B-11.wav,sea_waves,nature,1,train
data/ESC-50/audio_16k/1-39923-A-1.wav,rooster,bird,1,train
data/ESC-50/audio_16k/1-40730-A-1.wav,rooster,bird,1,train
data/ESC-50/audio_16k/1-43382-A-1.wav,rooster,bird,1,train
data/ESC-50/audio_16k/1-43760-A-11.wav,sea_waves,nature,1,train
data/ESC-50/audio_16k/1-44831-A-1.wav,rooster,bird,1,train
data/ESC-50/audio_16k/1-46040-A-14.wav,chirping_birds,bird,1,train
data/ESC-50/audio_16k/1-46938-A-7.wav,insects,nature,1,train
data/ESC-50/audio_16k/1-46938-B-7.wav,insects,nature,1,train
data/ESC-50/audio_16k/1-47250-A-41.wav,chainsaw,motor,1,train
data/ESC-50/audio_16k/1-47250-B-41.wav,chainsaw,motor,1,train
data/ESC-50/audio_16k/1-47273-A-21.wav,sneezing,human,1,train
data/ESC-50/audio_16k/1-47274-A-21.wav,sneezing,human,1,train
data/ESC-50/audio_16k/1-47709-A-16.wav,wind,nature,1,train
data/ESC-50/audio_16k/1-47714-A-16.wav,wind,nature,1,train
data/ESC-50/audio_16k/1-50060-A-10.wav,rain,nature,1,train
data/ESC-50/audio_16k/1-50454-A-44.wav,engine,motor,1,train
data/ESC-50/audio_16k/1-50455-A-44.wav,engine,motor,1,train
data/ESC-50/audio_16k/1-50661-A-44.wav,engine,motor,1,train
data/ESC-50/audio_16k/1-51035-A-16.wav,wind,nature,1,train
data/ESC-50/audio_16k/1-51036-A-16.wav,wind,nature,1,train
data/ESC-50/audio_16k/1-51037-A-16.wav,wind,nature,1,train
data/ESC-50/audio_16k/1-52266-A-24.wav,coughing,human,1,train
data/ESC-50/audio_16k/1-52323-A-24.wav,coughing,human,1,train
data/ESC-50/audio_16k/1-53663-A-24.wav,coughing,human,1,train
data/ESC-50/audio_16k/1-54065-A-45.wav,train,motor,1,train
data/ESC-50/audio_16k/1-54065-B-45.wav,train,motor,1,train
data/ESC-50/audio_16k/1-54084-A-42.wav,siren,motor,1,train
data/ESC-50/audio_16k/1-54505-A-21.wav,sneezing,human,1,train
data/ESC-50/audio_16k/1-54918-A-14.wav,chirping_birds,bird,1,train
data/ESC-50/audio_16k/1-54918-B-14.wav,chirping_birds,bird,1,train
data/ESC-50/audio_16k/1-54958-A-10.wav,rain,nature,1,train
data/ESC-50/audio_16k/1-56233-A-9.wav,crow,bird,1,train
data/ESC-50/audio_16k/1-56234-A-9.wav,crow,bird,1,train
data/ESC-50/audio_16k/1-56311-A-10.wav,rain,nature,1,train
data/ESC-50/audio_16k/1-57316-A-13.wav,crickets,nature,1,train
data/ESC-50/audio_16k/1-57318-A-13.wav,crickets,nature,1,train
data/ESC-50/audio_16k/1-58792-A-24.wav,coughing,human,1,train
data/ESC-50/audio_16k/1-59102-A-13.wav,crickets,nature,1,train
data/ESC-50/audio_16k/1-59324-A-21.wav,sneezing,human,1,train
data/ESC-50/audio_16k/1-5996-A-6.wav,hen,bird,1,train
data/ESC-50/audio_16k/1-60997-A-20.wav,crying_baby,human,1,train
data/ESC-50/audio_16k/1-60997-B-20.wav,crying_baby,human,1,train
data/ESC-50/audio_16k/1-61252-A-11.wav,sea_waves,nature,1,train
data/ESC-50/audio_16k/1-61261-A-44.wav,engine,motor,1,train
data/ESC-50/audio_16k/1-62509-A-45.wav,train,motor,1,train
data/ESC-50/audio_16k/1-62565-A-44.wav,engine,motor,1,train
data/ESC-50/audio_16k/1-63679-A-24.wav,coughing,human,1,train
data/ESC-50/audio_16k/1-63871-A-10.wav,rain,nature,1,train
data/ESC-50/audio_16k/1-64398-A-41.wav,chainsaw,motor,1,train
data/ESC-50/audio_16k/1-64398-B-41.wav,chainsaw,motor,1,train
data/ESC-50/audio_16k/1-64473-A-45.wav,train,motor,1,train
data/ESC-50/audio_16k/1-65483-A-13.wav,crickets,nature,1,train
data/ESC-50/audio_16k/1-69760-A-16.wav,wind,nature,1,train
data/ESC-50/audio_16k/1-70300-A-45.wav,train,motor,1,train
data/ESC-50/audio_16k/1-71030-A-6.wav,hen,bird,1,train
data/ESC-50/audio_16k/1-72229-A-6.wav,hen,bird,1,train
data/ESC-50/audio_16k/1-72229-B-6.wav,hen,bird,1,train
data/ESC-50/audio_16k/1-72695-A-26.wav,laughing,human,1,train
data/ESC-50/audio_16k/1-73123-A-26.wav,laughing,human,1,train
data/ESC-50/audio_16k/1-73585-A-7.wav,insects,nature,1,train
data/ESC-50/audio_16k/1-7456-A-13.wav,crickets,nature,1,train
data/ESC-50/audio_16k/1-75162-A-9.wav,crow,bird,1,train
data/ESC-50/audio_16k/1-75189-A-7.wav,insects,nature,1,train
data/ESC-50/audio_16k/1-76831-A-42.wav,siren,motor,1,train
data/ESC-50/audio_16k/1-76831-B-42.wav,siren,motor,1,train
data/ESC-50/audio_16k/1-76831-C-42.wav,siren,motor,1,train
data/ESC-50/audio_16k/1-76831-D-42.wav,siren,motor,1,train
data/ESC-50/audio_16k/1-76831-E-42.wav,siren,motor,1,train
data/ESC-50/audio_16k/1-7973-A-7.wav,insects,nature,1,train
data/ESC-50/audio_16k/1-80785-A-7.wav,insects,nature,1,train
data/ESC-50/audio_16k/1-80840-A-13.wav,crickets,nature,1,train
data/ESC-50/audio_16k/1-80841-A-13.wav,crickets,nature,1,train
data/ESC-50/audio_16k/1-81883-A-21.wav,sneezing,human,1,train
data/ESC-50/audio_16k/1-88409-A-45.wav,train,motor,1,train
data/ESC-50/audio_16k/1-88409-B-45.wav,train,motor,1,train
data/ESC-50/audio_16k/1-91359-A-11.wav,sea_waves,nature,1,train
data/ESC-50/audio_16k/1-91359-B-11.wav,sea_waves,nature,1,train
data/ESC-50/audio_16k/1-94036-A-22.wav,clapping,human,1,train
data/ESC-50/audio_16k/1-96950-A-9.wav,crow,bird,1,train
data/ESC-50/audio_16k/1-96950-B-9.wav,crow,bird,1,train
data/ESC-50/audio_16k/1-9841-A-13.wav,crickets,nature,1,train
data/ESC-50/audio_16k/2-100786-A-1.wav,rooster,bird,2,train
data/ESC-50/audio_16k/2-101676-A-10.wav,rain,nature,2,train
data/ESC-50/audio_16k/2-102852-A-11.wav,sea_waves,nature,2,train
data/ESC-50/audio_16k/2-104105-A-19.wav,thunderstorm,nature,2,train
data/ESC-50/audio_16k/2-104105-B-19.wav,thunderstorm,nature,2,train
data/ESC-50/audio_16k/2-104952-A-16.wav,wind,nature,2,train
data/ESC-50/audio_16k/2-104952-B-16.wav,wind,nature,2,train
data/ESC-50/audio_16k/2-106014-A-44.wav,engine,motor,2,train
data/ESC-50/audio_16k/2-106015-A-44.wav,engine,motor,2,train
data/ESC-50/audio_16k/2-106015-B-44.wav,engine,motor,2,train
data/ESC-50/audio_16k/2-106019-A-13.wav,crickets,nature,2,train
data/ESC-50/audio_16k/2-106486-A-44.wav,engine,motor,2,train
data/ESC-50/audio_16k/2-106487-A-44.wav,engine,motor,2,train
data/ESC-50/audio_16k/2-107228-A-44.wav,engine,motor,2,train
data/ESC-50/audio_16k/2-107228-B-44.wav,engine,motor,2,train
data/ESC-50/audio_16k/2-107351-A-20.wav,crying_baby,human,2,train
data/ESC-50/audio_16k/2-107351-B-20.wav,crying_baby,human,2,train
data/ESC-50/audio_16k/2-108017-A-24.wav,coughing,human,2,train
data/ESC-50/audio_16k/2-108760-A-14.wav,chirping_birds,bird,2,train
data/ESC-50/audio_16k/2-108760-B-14.wav,chirping_birds,bird,2,train
data/ESC-50/audio_16k/2-108761-A-14.wav,chirping_birds,bird,2,train
data/ESC-50/audio_16k/2-108763-A-9.wav,crow,bird,2,train
data/ESC-50/audio_16k/2-108766-A-9.wav,crow,bird,2,train
data/ESC-50/audio_16k/2-108767-A-9.wav,crow,bird,2,train
data/ESC-50/audio_16k/2-108767-B-9.wav,crow,bird,2,train
data/ESC-50/audio_16k/2-108767-C-9.wav,crow,bird,2,train
data/ESC-50/audio_16k/2-109231-A-9.wav,crow,bird,2,train
data/ESC-50/audio_16k/2-109231-B-9.wav,crow,bird,2,train
data/ESC-50/audio_16k/2-109231-C-9.wav,crow,bird,2,train
data/ESC-50/audio_16k/2-109371-A-16.wav,wind,nature,2,train
data/ESC-50/audio_16k/2-109371-B-16.wav,wind,nature,2,train
data/ESC-50/audio_16k/2-109371-C-16.wav,wind,nature,2,train
data/ESC-50/audio_16k/2-109371-D-16.wav,wind,nature,2,train
data/ESC-50/audio_16k/2-109374-A-16.wav,wind,nature,2,train
data/ESC-50/audio_16k/2-109505-A-21.wav,sneezing,human,2,train
data/ESC-50/audio_16k/2-109759-A-26.wav,laughing,human,2,train
data/ESC-50/audio_16k/2-109759-B-26.wav,laughing,human,2,train
data/ESC-50/audio_16k/2-110613-A-13.wav,crickets,nature,2,train
data/ESC-50/audio_16k/2-117625-A-10.wav,rain,nature,2,train
data/ESC-50/audio_16k/2-118104-A-21.wav,sneezing,human,2,train
data/ESC-50/audio_16k/2-119102-A-21.wav,sneezing,human,2,train
data/ESC-50/audio_16k/2-120586-A-6.wav,hen,bird,2,train
data/ESC-50/audio_16k/2-120587-A-6.wav,hen,bird,2,train
data/ESC-50/audio_16k/2-122066-A-45.wav,train,motor,2,train
data/ESC-50/audio_16k/2-122066-B-45.wav,train,motor,2,train
data/ESC-50/audio_16k/2-122067-A-45.wav,train,motor,2,train
data/ESC-50/audio_16k/2-122067-B-45.wav,train,motor,2,train
data/ESC-50/audio_16k/2-122616-A-14.wav,chirping_birds,bird,2,train
data/ESC-50/audio_16k/2-123896-A-24.wav,coughing,human,2,train
data/ESC-50/audio_16k/2-124662-A-11.wav,sea_waves,nature,2,train
data/ESC-50/audio_16k/2-125821-A-13.wav,crickets,nature,2,train
data/ESC-50/audio_16k/2-125875-A-13.wav,crickets,nature,2,train
data/ESC-50/audio_16k/2-125966-A-11.wav,sea_waves,nature,2,train
data/ESC-50/audio_16k/2-127109-A-6.wav,hen,bird,2,train
data/ESC-50/audio_16k/2-128631-A-21.wav,sneezing,human,2,train
data/ESC-50/audio_16k/2-130978-A-21.wav,sneezing,human,2,train
data/ESC-50/audio_16k/2-130979-A-21.wav,sneezing,human,2,train
data/ESC-50/audio_16k/2-132157-A-11.wav,sea_waves,nature,2,train
data/ESC-50/audio_16k/2-132157-B-11.wav,sea_waves,nature,2,train
data/ESC-50/audio_16k/2-133863-A-11.wav,sea_waves,nature,2,train
data/ESC-50/audio_16k/2-134049-A-6.wav,hen,bird,2,train
data/ESC-50/audio_16k/2-135649-A-45.wav,train,motor,2,train
data/ESC-50/audio_16k/2-135649-B-45.wav,train,motor,2,train
data/ESC-50/audio_16k/2-135649-C-45.wav,train,motor,2,train
data/ESC-50/audio_16k/2-137162-A-11.wav,sea_waves,nature,2,train
data/ESC-50/audio_16k/2-151079-A-20.wav,crying_baby,human,2,train
data/ESC-50/audio_16k/2-155801-A-11.wav,sea_waves,nature,2,train
data/ESC-50/audio_16k/2-157488-A-6.wav,hen,bird,2,train
data/ESC-50/audio_16k/2-160128-A-7.wav,insects,nature,2,train
data/ESC-50/audio_16k/2-188822-A-40.wav,helicopter,motor,2,train
data/ESC-50/audio_16k/2-188822-B-40.wav,helicopter,motor,2,train
data/ESC-50/audio_16k/2-188822-C-40.wav,helicopter,motor,2,train
data/ESC-50/audio_16k/2-188822-D-40.wav,helicopter,motor,2,train
data/ESC-50/audio_16k/2-205966-A-16.wav,wind,nature,2,train
data/ESC-50/audio_16k/2-25292-A-22.wav,clapping,human,2,train
data/ESC-50/audio_16k/2-25293-A-22.wav,clapping,human,2,train
data/ESC-50/audio_16k/2-262579-A-45.wav,train,motor,2,train
data/ESC-50/audio_16k/2-37806-A-40.wav,helicopter,motor,2,train
data/ESC-50/audio_16k/2-37806-B-40.wav,helicopter,motor,2,train
data/ESC-50/audio_16k/2-37806-C-40.wav,helicopter,motor,2,train
data/ESC-50/audio_16k/2-37806-D-40.wav,helicopter,motor,2,train
data/ESC-50/audio_16k/2-39441-A-19.wav,thunderstorm,nature,2,train
data/ESC-50/audio_16k/2-39443-A-19.wav,thunderstorm,nature,2,train
data/ESC-50/audio_16k/2-39443-B-19.wav,thunderstorm,nature,2,train
data/ESC-50/audio_16k/2-39945-A-19.wav,thunderstorm,nature,2,train
data/ESC-50/audio_16k/2-39945-B-19.wav,thunderstorm,nature,2,train
data/ESC-50/audio_16k/2-39945-C-19.wav,thunderstorm,nature,2,train
data/ESC-50/audio_16k/2-43802-A-42.wav,siren,motor,2,train
data/ESC-50/audio_16k/2-43806-A-42.wav,siren,motor,2,train
data/ESC-50/audio_16k/2-50665-A-20.wav,crying_baby,human,2,train
data/ESC-50/audio_16k/2-50666-A-20.wav,crying_baby,human,2,train
data/ESC-50/audio_16k/2-50667-A-41.wav,chainsaw,motor,2,train
data/ESC-50/audio_16k/2-50667-B-41.wav,chainsaw,motor,2,train
data/ESC-50/audio_16k/2-50668-A-41.wav,chainsaw,motor,2,train
data/ESC-50/audio_16k/2-50668-B-41.wav,chainsaw,motor,2,train
data/ESC-50/audio_16k/2-50774-A-23.wav,breathing,human,2,train
data/ESC-50/audio_16k/2-54961-A-23.wav,breathing,human,2,train
data/ESC-50/audio_16k/2-54962-A-23.wav,breathing,human,2,train
data/ESC-50/audio_16k/2-57733-A-22.wav,clapping,human,2,train
data/ESC-50/audio_16k/2-60791-A-26.wav,laughing,human,2,train
data/ESC-50/audio_16k/2-60794-A-26.wav,laughing,human,2,train
data/ESC-50/audio_16k/2-60795-A-26.wav,laughing,human,2,train
data/ESC-50/audio_16k/2-60900-A-22.wav,clapping,human,2,train
data/ESC-50/audio_16k/2-62226-A-26.wav,laughing,human,2,train
data/ESC-50/audio_16k/2-65750-A-1.wav,rooster,bird,2,train
data/ESC-50/audio_16k/2-66205-A-23.wav,breathing,human,2,train
data/ESC-50/audio_16k/2-66637-A-20.wav,crying_baby,human,2,train
data/ESC-50/audio_16k/2-66637-B-20.wav,crying_baby,human,2,train
data/ESC-50/audio_16k/2-68391-A-41.wav,chainsaw,motor,2,train
data/ESC-50/audio_16k/2-68391-B-41.wav,chainsaw,motor,2,train
data/ESC-50/audio_16k/2-70052-A-42.wav,siren,motor,2,train
data/ESC-50/audio_16k/2-70052-B-42.wav,siren,motor,2,train
data/ESC-50/audio_16k/2-70936-A-42.wav,siren,motor,2,train
data/ESC-50/audio_16k/2-70938-A-42.wav,siren,motor,2,train
data/ESC-50/audio_16k/2-70939-A-42.wav,siren,motor,2,train
data/ESC-50/audio_16k/2-71162-A-1.wav,rooster,bird,2,train
data/ESC-50/audio_16k/2-72268-A-6.wav,hen,bird,2,train
data/ESC-50/audio_16k/2-72547-A-14.wav,chirping_birds,bird,2,train
data/ESC-50/audio_16k/2-72547-B-14.wav,chirping_birds,bird,2,train
data/ESC-50/audio_16k/2-72547-C-14.wav,chirping_birds,bird,2,train
data/ESC-50/audio_16k/2-72547-D-14.wav,chirping_birds,bird,2,train
data/ESC-50/audio_16k/2-72688-A-42.wav,siren,motor,2,train
data/ESC-50/audio_16k/2-72970-A-10.wav,rain,nature,2,train
data/ESC-50/audio_16k/2-73027-A-10.wav,rain,nature,2,train
data/ESC-50/audio_16k/2-73260-A-10.wav,rain,nature,2,train
data/ESC-50/audio_16k/2-75726-A-6.wav,hen,bird,2,train
data/ESC-50/audio_16k/2-76408-A-22.wav,clapping,human,2,train
data/ESC-50/audio_16k/2-76408-B-22.wav,clapping,human,2,train
data/ESC-50/audio_16k/2-76408-C-22.wav,clapping,human,2,train
data/ESC-50/audio_16k/2-76408-D-22.wav,clapping,human,2,train
data/ESC-50/audio_16k/2-76868-A-6.wav,hen,bird,2,train
data/ESC-50/audio_16k/2-77945-A-41.wav,chainsaw,motor,2,train
data/ESC-50/audio_16k/2-77945-B-41.wav,chainsaw,motor,2,train
data/ESC-50/audio_16k/2-78651-A-44.wav,engine,motor,2,train
data/ESC-50/audio_16k/2-79769-A-26.wav,laughing,human,2,train
data/ESC-50/audio_16k/2-79775-A-26.wav,laughing,human,2,train
data/ESC-50/audio_16k/2-80482-A-20.wav,crying_baby,human,2,train
data/ESC-50/audio_16k/2-80844-A-13.wav,crickets,nature,2,train
data/ESC-50/audio_16k/2-81270-A-1.wav,rooster,bird,2,train
data/ESC-50/audio_16k/2-81731-A-10.wav,rain,nature,2,train
data/ESC-50/audio_16k/2-81970-A-7.wav,insects,nature,2,train
data/ESC-50/audio_16k/2-81970-B-7.wav,insects,nature,2,train
data/ESC-50/audio_16k/2-81970-C-7.wav,insects,nature,2,train
data/ESC-50/audio_16k/2-82077-A-7.wav,insects,nature,2,train
data/ESC-50/audio_16k/2-82367-A-10.wav,rain,nature,2,train
data/ESC-50/audio_16k/2-82455-A-23.wav,breathing,human,2,train
data/ESC-50/audio_16k/2-82538-A-21.wav,sneezing,human,2,train
data/ESC-50/audio_16k/2-83270-A-13.wav,crickets,nature,2,train
data/ESC-50/audio_16k/2-84965-A-23.wav,breathing,human,2,train
data/ESC-50/audio_16k/2-85139-A-13.wav,crickets,nature,2,train
data/ESC-50/audio_16k/2-85292-A-24.wav,coughing,human,2,train
data/ESC-50/audio_16k/2-87412-A-24.wav,coughing,human,2,train
data/ESC-50/audio_16k/2-87781-A-10.wav,rain,nature,2,train
data/ESC-50/audio_16k/2-87794-A-24.wav,coughing,human,2,train
data/ESC-50/audio_16k/2-87795-A-24.wav,coughing,human,2,train
data/ESC-50/audio_16k/2-87799-A-24.wav,coughing,human,2,train
data/ESC-50/audio_16k/2-93030-A-21.wav,sneezing,human,2,train
data/ESC-50/audio_16k/2-95035-A-1.wav,rooster,bird,2,train
data/ESC-50/audio_16k/2-95258-A-1.wav,rooster,bird,2,train
data/ESC-50/audio_16k/2-95258-B-1.wav,rooster,bird,2,train
data/ESC-50/audio_16k/2-95567-A-23.wav,breathing,human,2,train
data/ESC-50/audio_16k/2-96033-A-13.wav,crickets,nature,2,train
data/ESC-50/audio_16k/2-96460-A-1.wav,rooster,bird,2,train
data/ESC-50/audio_16k/2-98392-A-23.wav,breathing,human,2,train
data/ESC-50/audio_16k/2-98676-A-24.wav,coughing,human,2,train
data/ESC-50/audio_16k/2-99955-A-7.wav,insects,nature,2,train
data/ESC-50/audio_16k/2-99955-B-7.wav,insects,nature,2,train
data/ESC-50/audio_16k/2-99955-C-7.wav,insects,nature,2,train
data/ESC-50/audio_16k/3-103050-A-19.wav,thunderstorm,nature,3,train
data/ESC-50/audio_16k/3-103051-A-19.wav,thunderstorm,nature,3,train
data/ESC-50/audio_16k/3-103051-B-19.wav,thunderstorm,nature,3,train
data/ESC-50/audio_16k/3-103051-C-19.wav,thunderstorm,nature,3,train
data/ESC-50/audio_16k/3-104761-A-7.wav,insects,nature,3,train
data/ESC-50/audio_16k/3-104761-B-7.wav,insects,nature,3,train
data/ESC-50/audio_16k/3-105235-A-7.wav,insects,nature,3,train
data/ESC-50/audio_16k/3-105236-A-7.wav,insects,nature,3,train
data/ESC-50/audio_16k/3-107123-A-26.wav,laughing,human,3,train
data/ESC-50/audio_16k/3-107219-A-1.wav,rooster,bird,3,train
data/ESC-50/audio_16k/3-108160-A-23.wav,breathing,human,3,train
data/ESC-50/audio_16k/3-110536-A-26.wav,laughing,human,3,train
data/ESC-50/audio_16k/3-110913-A-7.wav,insects,nature,3,train
data/ESC-50/audio_16k/3-110913-B-7.wav,insects,nature,3,train
data/ESC-50/audio_16k/3-110913-C-7.wav,insects,nature,3,train
data/ESC-50/audio_16k/3-110913-D-7.wav,insects,nature,3,train
data/ESC-50/audio_16k/3-112397-A-9.wav,crow,bird,3,train
data/ESC-50/audio_16k/3-112557-A-23.wav,breathing,human,3,train
data/ESC-50/audio_16k/3-112557-B-23.wav,breathing,human,3,train
data/ESC-50/audio_16k/3-115382-A-44.wav,engine,motor,3,train
data/ESC-50/audio_16k/3-116135-A-1.wav,rooster,bird,3,train
data/ESC-50/audio_16k/3-117293-A-9.wav,crow,bird,3,train
data/ESC-50/audio_16k/3-117504-A-16.wav,wind,nature,3,train
data/ESC-50/audio_16k/3-117504-B-16.wav,wind,nature,3,train
data/ESC-50/audio_16k/3-118487-A-26.wav,laughing,human,3,train
data/ESC-50/audio_16k/3-118656-A-41.wav,chainsaw,motor,3,train
data/ESC-50/audio_16k/3-118657-A-41.wav,chainsaw,motor,3,train
data/ESC-50/audio_16k/3-118657-B-41.wav,chainsaw,motor,3,train
data/ESC-50/audio_16k/3-118658-A-41.wav,chainsaw,motor,3,train
data/ESC-50/audio_16k/3-118658-B-41.wav,chainsaw,motor,3,train
data/ESC-50/audio_16k/3-118972-A-41.wav,chainsaw,motor,3,train
data/ESC-50/audio_16k/3-118972-B-41.wav,chainsaw,motor,3,train
data/ESC-50/audio_16k/3-119455-A-44.wav,engine,motor,3,train
data/ESC-50/audio_16k/3-119459-A-26.wav,laughing,human,3,train
data/ESC-50/audio_16k/3-121348-A-9.wav,crow,bird,3,train
data/ESC-50/audio_16k/3-123224-A-19.wav,thunderstorm,nature,3,train
data/ESC-50/audio_16k/3-124600-A-19.wav,thunderstorm,nature,3,train
data/ESC-50/audio_16k/3-124925-A-9.wav,crow,bird,3,train
data/ESC-50/audio_16k/3-125418-A-24.wav,coughing,human,3,train
data/ESC-50/audio_16k/3-126113-A-26.wav,laughing,human,3,train
data/ESC-50/audio_16k/3-127890-A-9.wav,crow,bird,3,train
data/ESC-50/audio_16k/3-127890-B-9.wav,crow,bird,3,train
data/ESC-50/audio_16k/3-127890-C-9.wav,crow,bird,3,train
data/ESC-50/audio_16k/3-128160-A-44.wav,engine,motor,3,train
data/ESC-50/audio_16k/3-129264-A-9.wav,crow,bird,3,train
data/ESC-50/audio_16k/3-129338-A-13.wav,crickets,nature,3,train
data/ESC-50/audio_16k/3-129678-A-13.wav,crickets,nature,3,train
data/ESC-50/audio_16k/3-130330-A-22.wav,clapping,human,3,train
data/ESC-50/audio_16k/3-132601-A-24.wav,coughing,human,3,train
data/ESC-50/audio_16k/3-132747-A-26.wav,laughing,human,3,train
data/ESC-50/audio_16k/3-132852-A-10.wav,rain,nature,3,train
data/ESC-50/audio_16k/3-134049-A-1.wav,rooster,bird,3,train
data/ESC-50/audio_16k/3-134699-A-16.wav,wind,nature,3,train
data/ESC-50/audio_16k/3-134699-B-16.wav,wind,nature,3,train
data/ESC-50/audio_16k/3-134699-C-16.wav,wind,nature,3,train
data/ESC-50/audio_16k/3-134802-A-13.wav,crickets,nature,3,train
data/ESC-50/audio_16k/3-135650-A-45.wav,train,motor,3,train
data/ESC-50/audio_16k/3-135650-B-45.wav,train,motor,3,train
data/ESC-50/audio_16k/3-136451-A-45.wav,train,motor,3,train
data/ESC-50/audio_16k/3-136608-A-16.wav,wind,nature,3,train
data/ESC-50/audio_16k/3-137152-A-1.wav,rooster,bird,3,train
data/ESC-50/audio_16k/3-138114-A-22.wav,clapping,human,3,train
data/ESC-50/audio_16k/3-138212-A-45.wav,train,motor,3,train
data/ESC-50/audio_16k/3-140774-A-10.wav,rain,nature,3,train
data/ESC-50/audio_16k/3-141240-A-44.wav,engine,motor,3,train
data/ESC-50/audio_16k/3-141240-B-44.wav,engine,motor,3,train
data/ESC-50/audio_16k/3-141559-A-45.wav,train,motor,3,train
data/ESC-50/audio_16k/3-141684-A-21.wav,sneezing,human,3,train
data/ESC-50/audio_16k/3-142005-A-10.wav,rain,nature,3,train
data/ESC-50/audio_16k/3-142006-A-10.wav,rain,nature,3,train
data/ESC-50/audio_16k/3-142601-A-21.wav,sneezing,human,3,train
data/ESC-50/audio_16k/3-142604-A-24.wav,coughing,human,3,train
data/ESC-50/audio_16k/3-142605-A-21.wav,sneezing,human,3,train
data/ESC-50/audio_16k/3-143119-A-21.wav,sneezing,human,3,train
data/ESC-50/audio_16k/3-143929-A-10.wav,rain,nature,3,train
data/ESC-50/audio_16k/3-144128-A-23.wav,breathing,human,3,train
data/ESC-50/audio_16k/3-144128-B-23.wav,breathing,human,3,train
data/ESC-50/audio_16k/3-144692-A-21.wav,sneezing,human,3,train
data/ESC-50/audio_16k/3-144827-A-11.wav,sea_waves,nature,3,train
data/ESC-50/audio_16k/3-144827-B-11.wav,sea_waves,nature,3,train
data/ESC-50/audio_16k/3-144891-A-19.wav,thunderstorm,nature,3,train
data/ESC-50/audio_16k/3-144891-B-19.wav,thunderstorm,nature,3,train
data/ESC-50/audio_16k/3-145382-A-1.wav,rooster,bird,3,train
data/ESC-50/audio_16k/3-145487-A-24.wav,coughing,human,3,train
data/ESC-50/audio_16k/3-146033-A-13.wav,crickets,nature,3,train
data/ESC-50/audio_16k/3-146186-A-44.wav,engine,motor,3,train
data/ESC-50/audio_16k/3-146873-A-24.wav,coughing,human,3,train
data/ESC-50/audio_16k/3-148330-A-21.wav,sneezing,human,3,train
data/ESC-50/audio_16k/3-149042-A-24.wav,coughing,human,3,train
data/ESC-50/audio_16k/3-149189-A-1.wav,rooster,bird,3,train
data/ESC-50/audio_16k/3-149465-A-22.wav,clapping,human,3,train
data/ESC-50/audio_16k/3-150231-A-21.wav,sneezing,human,3,train
data/ESC-50/audio_16k/3-150979-A-40.wav,helicopter,motor,3,train
data/ESC-50/audio_16k/3-150979-B-40.wav,helicopter,motor,3,train
data/ESC-50/audio_16k/3-150979-C-40.wav,helicopter,motor,3,train
data/ESC-50/audio_16k/3-151080-A-20.wav,crying_baby,human,3,train
data/ESC-50/audio_16k/3-151081-A-20.wav,crying_baby,human,3,train
data/ESC-50/audio_16k/3-151081-B-20.wav,crying_baby,human,3,train
data/ESC-50/audio_16k/3-151206-A-23.wav,breathing,human,3,train
data/ESC-50/audio_16k/3-151212-A-24.wav,coughing,human,3,train
data/ESC-50/audio_16k/3-151213-A-24.wav,coughing,human,3,train
data/ESC-50/audio_16k/3-152007-A-20.wav,crying_baby,human,3,train
data/ESC-50/audio_16k/3-152007-B-20.wav,crying_baby,human,3,train
data/ESC-50/audio_16k/3-152007-C-20.wav,crying_baby,human,3,train
data/ESC-50/audio_16k/3-152007-D-20.wav,crying_baby,human,3,train
data/ESC-50/audio_16k/3-152007-E-20.wav,crying_baby,human,3,train
data/ESC-50/audio_16k/3-152912-A-26.wav,laughing,human,3,train
data/ESC-50/audio_16k/3-152997-A-26.wav,laughing,human,3,train
data/ESC-50/audio_16k/3-154758-A-44.wav,engine,motor,3,train
data/ESC-50/audio_16k/3-154926-A-40.wav,helicopter,motor,3,train
data/ESC-50/audio_16k/3-154926-B-40.wav,helicopter,motor,3,train
data/ESC-50/audio_16k/3-154957-A-1.wav,rooster,bird,3,train
data/ESC-50/audio_16k/3-155577-A-14.wav,chirping_birds,bird,3,train
data/ESC-50/audio_16k/3-155578-A-14.wav,chirping_birds,bird,3,train
data/ESC-50/audio_16k/3-155579-A-14.wav,chirping_birds,bird,3,train
data/ESC-50/audio_16k/3-155583-A-14.wav,chirping_birds,bird,3,train
data/ESC-50/audio_16k/3-155584-A-14.wav,chirping_birds,bird,3,train
data/ESC-50/audio_16k/3-155642-A-11.wav,sea_waves,nature,3,train
data/ESC-50/audio_16k/3-155642-B-11.wav,sea_waves,nature,3,train
data/ESC-50/audio_16k/3-155766-A-13.wav,crickets,nature,3,train
data/ESC-50/audio_16k/3-156558-A-21.wav,sneezing,human,3,train
data/ESC-50/audio_16k/3-156581-A-14.wav,chirping_birds,bird,3,train
data/ESC-50/audio_16k/3-156581-B-14.wav,chirping_birds,bird,3,train
data/ESC-50/audio_16k/3-157149-A-10.wav,rain,nature,3,train
data/ESC-50/audio_16k/3-157487-A-10.wav,rain,nature,3,train
data/ESC-50/audio_16k/3-157492-A-45.wav,train,motor,3,train
data/ESC-50/audio_16k/3-157615-A-10.wav,rain,nature,3,train
data/ESC-50/audio_16k/3-159445-A-45.wav,train,motor,3,train
data/ESC-50/audio_16k/3-159445-B-45.wav,train,motor,3,train
data/ESC-50/audio_16k/3-162786-A-13.wav,crickets,nature,3,train
data/ESC-50/audio_16k/3-163288-A-1.wav,rooster,bird,3,train
data/ESC-50/audio_16k/3-163607-A-13.wav,crickets,nature,3,train
data/ESC-50/audio_16k/3-163607-B-13.wav,crickets,nature,3,train
data/ESC-50/audio_16k/3-164120-A-11.wav,sea_waves,nature,3,train
data/ESC-50/audio_16k/3-164216-A-6.wav,hen,bird,3,train
data/ESC-50/audio_16k/3-164216-B-6.wav,hen,bird,3,train
data/ESC-50/audio_16k/3-164216-C-6.wav,hen,bird,3,train
data/ESC-50/audio_16k/3-164630-A-11.wav,sea_waves,nature,3,train
data/ESC-50/audio_16k/3-165856-A-41.wav,chainsaw,motor,3,train
data/ESC-50/audio_16k/3-166125-A-23.wav,breathing,human,3,train
data/ESC-50/audio_16k/3-166125-B-23.wav,breathing,human,3,train
data/ESC-50/audio_16k/3-166422-A-11.wav,sea_waves,nature,3,train
data/ESC-50/audio_16k/3-171281-A-6.wav,hen,bird,3,train
data/ESC-50/audio_16k/3-177082-A-22.wav,clapping,human,3,train
data/ESC-50/audio_16k/3-177083-A-22.wav,clapping,human,3,train
data/ESC-50/audio_16k/3-178096-A-6.wav,hen,bird,3,train
data/ESC-50/audio_16k/3-181132-A-14.wav,chirping_birds,bird,3,train
data/ESC-50/audio_16k/3-181278-A-22.wav,clapping,human,3,train
data/ESC-50/audio_16k/3-187549-A-6.wav,hen,bird,3,train
data/ESC-50/audio_16k/3-187549-B-6.wav,hen,bird,3,train
data/ESC-50/audio_16k/3-187710-A-11.wav,sea_waves,nature,3,train
data/ESC-50/audio_16k/3-188390-A-6.wav,hen,bird,3,train
data/ESC-50/audio_16k/3-197435-A-22.wav,clapping,human,3,train
data/ESC-50/audio_16k/3-197435-B-22.wav,clapping,human,3,train
data/ESC-50/audio_16k/3-246513-A-16.wav,wind,nature,3,train
data/ESC-50/audio_16k/3-246513-B-16.wav,wind,nature,3,train
data/ESC-50/audio_16k/3-259622-A-44.wav,engine,motor,3,train
data/ESC-50/audio_16k/3-51376-A-42.wav,siren,motor,3,train
data/ESC-50/audio_16k/3-51731-A-42.wav,siren,motor,3,train
data/ESC-50/audio_16k/3-51731-B-42.wav,siren,motor,3,train
data/ESC-50/audio_16k/3-51909-A-42.wav,siren,motor,3,train
data/ESC-50/audio_16k/3-51909-B-42.wav,siren,motor,3,train
data/ESC-50/audio_16k/3-58772-A-42.wav,siren,motor,3,train
data/ESC-50/audio_16k/3-62878-A-42.wav,siren,motor,3,train
data/ESC-50/audio_16k/3-62878-B-42.wav,siren,motor,3,train
data/ESC-50/audio_16k/3-68630-A-40.wav,helicopter,motor,3,train
data/ESC-50/audio_16k/3-68630-B-40.wav,helicopter,motor,3,train
data/ESC-50/audio_16k/3-68630-C-40.wav,helicopter,motor,3,train
data/ESC-50/audio_16k/4-102871-A-42.wav,siren,motor,4,train
data/ESC-50/audio_16k/4-111671-A-42.wav,siren,motor,4,train
data/ESC-50/audio_16k/4-111671-B-42.wav,siren,motor,4,train
data/ESC-50/audio_16k/4-121532-A-42.wav,siren,motor,4,train
data/ESC-50/audio_16k/4-125070-A-19.wav,thunderstorm,nature,4,train
data/ESC-50/audio_16k/4-125071-A-19.wav,thunderstorm,nature,4,train
data/ESC-50/audio_16k/4-125072-A-19.wav,thunderstorm,nature,4,train
data/ESC-50/audio_16k/4-125072-B-19.wav,thunderstorm,nature,4,train
data/ESC-50/audio_16k/4-125929-A-40.wav,helicopter,motor,4,train
data/ESC-50/audio_16k/4-130891-A-7.wav,insects,nature,4,train
data/ESC-50/audio_16k/4-132803-A-26.wav,laughing,human,4,train
data/ESC-50/audio_16k/4-132810-A-26.wav,laughing,human,4,train
data/ESC-50/audio_16k/4-132816-A-26.wav,laughing,human,4,train
data/ESC-50/audio_16k/4-133674-A-26.wav,laughing,human,4,train
data/ESC-50/audio_16k/4-133895-A-7.wav,insects,nature,4,train
data/ESC-50/audio_16k/4-136381-A-9.wav,crow,bird,4,train
data/ESC-50/audio_16k/4-138344-A-9.wav,crow,bird,4,train
data/ESC-50/audio_16k/4-143118-A-7.wav,insects,nature,4,train
data/ESC-50/audio_16k/4-143118-B-7.wav,insects,nature,4,train
data/ESC-50/audio_16k/4-144083-A-16.wav,wind,nature,4,train
data/ESC-50/audio_16k/4-144083-B-16.wav,wind,nature,4,train
data/ESC-50/audio_16k/4-144083-C-16.wav,wind,nature,4,train
data/ESC-50/audio_16k/4-144085-A-16.wav,wind,nature,4,train
data/ESC-50/audio_16k/4-145081-A-9.wav,crow,bird,4,train
data/ESC-50/audio_16k/4-149294-A-41.wav,chainsaw,motor,4,train
data/ESC-50/audio_16k/4-149294-B-41.wav,chainsaw,motor,4,train
data/ESC-50/audio_16k/4-152995-A-24.wav,coughing,human,4,train
data/ESC-50/audio_16k/4-154443-A-24.wav,coughing,human,4,train
data/ESC-50/audio_16k/4-155650-A-24.wav,coughing,human,4,train
data/ESC-50/audio_16k/4-155650-B-24.wav,coughing,human,4,train
data/ESC-50/audio_16k/4-155670-A-26.wav,laughing,human,4,train
data/ESC-50/audio_16k/4-156227-A-9.wav,crow,bird,4,train
data/ESC-50/audio_16k/4-156843-A-21.wav,sneezing,human,4,train
data/ESC-50/audio_16k/4-156844-A-21.wav,sneezing,human,4,train
data/ESC-50/audio_16k/4-156993-A-19.wav,thunderstorm,nature,4,train
data/ESC-50/audio_16k/4-157296-A-24.wav,coughing,human,4,train
data/ESC-50/audio_16k/4-157297-A-21.wav,sneezing,human,4,train
data/ESC-50/audio_16k/4-157611-A-41.wav,chainsaw,motor,4,train
data/ESC-50/audio_16k/4-157611-B-41.wav,chainsaw,motor,4,train
data/ESC-50/audio_16k/4-159426-A-9.wav,crow,bird,4,train
data/ESC-50/audio_16k/4-159609-A-14.wav,chirping_birds,bird,4,train
data/ESC-50/audio_16k/4-159609-B-14.wav,chirping_birds,bird,4,train
data/ESC-50/audio_16k/4-160999-A-10.wav,rain,nature,4,train
data/ESC-50/audio_16k/4-161127-A-10.wav,rain,nature,4,train
data/ESC-50/audio_16k/4-161519-A-19.wav,thunderstorm,nature,4,train
data/ESC-50/audio_16k/4-161579-A-40.wav,helicopter,motor,4,train
data/ESC-50/audio_16k/4-161579-B-40.wav,helicopter,motor,4,train
data/ESC-50/audio_16k/4-163264-A-10.wav,rain,nature,4,train
data/ESC-50/audio_16k/4-163606-A-16.wav,wind,nature,4,train
data/ESC-50/audio_16k/4-163608-B-16.wav,wind,nature,4,train
data/ESC-50/audio_16k/4-163609-A-16.wav,wind,nature,4,train
data/ESC-50/audio_16k/4-163609-B-16.wav,wind,nature,4,train
data/ESC-50/audio_16k/4-163697-A-13.wav,crickets,nature,4,train
data/ESC-50/audio_16k/4-164021-A-1.wav,rooster,bird,4,train
data/ESC-50/audio_16k/4-164064-A-1.wav,rooster,bird,4,train
data/ESC-50/audio_16k/4-164064-B-1.wav,rooster,bird,4,train
data/ESC-50/audio_16k/4-164064-C-1.wav,rooster,bird,4,train
data/ESC-50/audio_16k/4-164206-A-10.wav,rain,nature,4,train
data/ESC-50/audio_16k/4-164243-A-26.wav,laughing,human,4,train
data/ESC-50/audio_16k/4-164859-A-1.wav,rooster,bird,4,train
data/ESC-50/audio_16k/4-165606-A-45.wav,train,motor,4,train
data/ESC-50/audio_16k/4-165791-A-45.wav,train,motor,4,train
data/ESC-50/audio_16k/4-165791-B-45.wav,train,motor,4,train
data/ESC-50/audio_16k/4-165813-A-19.wav,thunderstorm,nature,4,train
data/ESC-50/audio_16k/4-165813-B-19.wav,thunderstorm,nature,4,train
data/ESC-50/audio_16k/4-165823-A-41.wav,chainsaw,motor,4,train
data/ESC-50/audio_16k/4-165823-B-41.wav,chainsaw,motor,4,train
data/ESC-50/audio_16k/4-165845-A-45.wav,train,motor,4,train
data/ESC-50/audio_16k/4-165845-B-45.wav,train,motor,4,train
data/ESC-50/audio_16k/4-165933-A-45.wav,train,motor,4,train
data/ESC-50/audio_16k/4-166661-A-10.wav,rain,nature,4,train
data/ESC-50/audio_16k/4-167063-A-11.wav,sea_waves,nature,4,train
data/ESC-50/audio_16k/4-167063-B-11.wav,sea_waves,nature,4,train
data/ESC-50/audio_16k/4-167063-C-11.wav,sea_waves,nature,4,train
data/ESC-50/audio_16k/4-167077-A-20.wav,crying_baby,human,4,train
data/ESC-50/audio_16k/4-167077-B-20.wav,crying_baby,human,4,train
data/ESC-50/audio_16k/4-167077-C-20.wav,crying_baby,human,4,train
data/ESC-50/audio_16k/4-167571-A-26.wav,laughing,human,4,train
data/ESC-50/audio_16k/4-167642-A-21.wav,sneezing,human,4,train
data/ESC-50/audio_16k/4-168446-A-45.wav,train,motor,4,train
data/ESC-50/audio_16k/4-169127-A-41.wav,chainsaw,motor,4,train
data/ESC-50/audio_16k/4-169127-B-41.wav,chainsaw,motor,4,train
data/ESC-50/audio_16k/4-169726-A-24.wav,coughing,human,4,train
data/ESC-50/audio_16k/4-170078-A-1.wav,rooster,bird,4,train
data/ESC-50/audio_16k/4-171396-A-24.wav,coughing,human,4,train
data/ESC-50/audio_16k/4-171519-A-21.wav,sneezing,human,4,train
data/ESC-50/audio_16k/4-171652-A-44.wav,engine,motor,4,train
data/ESC-50/audio_16k/4-171706-A-23.wav,breathing,human,4,train
data/ESC-50/audio_16k/4-171823-A-13.wav,crickets,nature,4,train
data/ESC-50/audio_16k/4-172143-A-13.wav,crickets,nature,4,train
data/ESC-50/audio_16k/4-173865-A-9.wav,crow,bird,4,train
data/ESC-50/audio_16k/4-173865-B-9.wav,crow,bird,4,train
data/ESC-50/audio_16k/4-175000-A-40.wav,helicopter,motor,4,train
data/ESC-50/audio_16k/4-175000-B-40.wav,helicopter,motor,4,train
data/ESC-50/audio_16k/4-175000-C-40.wav,helicopter,motor,4,train
data/ESC-50/audio_16k/4-176914-A-23.wav,breathing,human,4,train
data/ESC-50/audio_16k/4-177250-A-10.wav,rain,nature,4,train
data/ESC-50/audio_16k/4-177835-A-24.wav,coughing,human,4,train
data/ESC-50/audio_16k/4-178881-A-45.wav,train,motor,4,train
data/ESC-50/audio_16k/4-180380-A-10.wav,rain,nature,4,train
data/ESC-50/audio_16k/4-181286-A-10.wav,rain,nature,4,train
data/ESC-50/audio_16k/4-181362-A-13.wav,crickets,nature,4,train
data/ESC-50/audio_16k/4-181599-A-26.wav,laughing,human,4,train
data/ESC-50/audio_16k/4-182314-A-7.wav,insects,nature,4,train
data/ESC-50/audio_16k/4-182314-B-7.wav,insects,nature,4,train
data/ESC-50/audio_16k/4-182613-A-11.wav,sea_waves,nature,4,train
data/ESC-50/audio_16k/4-182613-B-11.wav,sea_waves,nature,4,train
data/ESC-50/audio_16k/4-182795-A-14.wav,chirping_birds,bird,4,train
data/ESC-50/audio_16k/4-183487-A-1.wav,rooster,bird,4,train
data/ESC-50/audio_16k/4-184434-A-21.wav,sneezing,human,4,train
data/ESC-50/audio_16k/4-185415-A-21.wav,sneezing,human,4,train
data/ESC-50/audio_16k/4-185575-A-20.wav,crying_baby,human,4,train
data/ESC-50/audio_16k/4-185575-B-20.wav,crying_baby,human,4,train
data/ESC-50/audio_16k/4-185575-C-20.wav,crying_baby,human,4,train
data/ESC-50/audio_16k/4-185619-A-21.wav,sneezing,human,4,train
data/ESC-50/audio_16k/4-186935-A-44.wav,engine,motor,4,train
data/ESC-50/audio_16k/4-186936-A-44.wav,engine,motor,4,train
data/ESC-50/audio_16k/4-186938-A-44.wav,engine,motor,4,train
data/ESC-50/audio_16k/4-186940-A-44.wav,engine,motor,4,train
data/ESC-50/audio_16k/4-186962-A-44.wav,engine,motor,4,train
data/ESC-50/audio_16k/4-187769-A-14.wav,chirping_birds,bird,4,train
data/ESC-50/audio_16k/4-187769-B-14.wav,chirping_birds,bird,4,train
data/ESC-50/audio_16k/4-188287-A-9.wav,crow,bird,4,train
data/ESC-50/audio_16k/4-189828-A-22.wav,clapping,human,4,train
data/ESC-50/audio_16k/4-189830-A-22.wav,clapping,human,4,train
data/ESC-50/audio_16k/4-189832-A-22.wav,clapping,human,4,train
data/ESC-50/audio_16k/4-189832-B-22.wav,clapping,human,4,train
data/ESC-50/audio_16k/4-189833-A-22.wav,clapping,human,4,train
data/ESC-50/audio_16k/4-189836-A-22.wav,clapping,human,4,train
data/ESC-50/audio_16k/4-189838-A-22.wav,clapping,human,4,train
data/ESC-50/audio_16k/4-191246-A-7.wav,insects,nature,4,train
data/ESC-50/audio_16k/4-191246-B-7.wav,insects,nature,4,train
data/ESC-50/audio_16k/4-193480-A-40.wav,helicopter,motor,4,train
data/ESC-50/audio_16k/4-193480-B-40.wav,helicopter,motor,4,train
data/ESC-50/audio_16k/4-194246-A-13.wav,crickets,nature,4,train
data/ESC-50/audio_16k/4-195451-A-44.wav,engine,motor,4,train
data/ESC-50/audio_16k/4-195497-A-11.wav,sea_waves,nature,4,train
data/ESC-50/audio_16k/4-195497-B-11.wav,sea_waves,nature,4,train
data/ESC-50/audio_16k/4-195707-A-13.wav,crickets,nature,4,train
data/ESC-50/audio_16k/4-195805-A-13.wav,crickets,nature,4,train
data/ESC-50/audio_16k/4-197103-A-6.wav,hen,bird,4,train
data/ESC-50/audio_16k/4-198025-A-23.wav,breathing,human,4,train
data/ESC-50/audio_16k/4-200330-A-6.wav,hen,bird,4,train
data/ESC-50/audio_16k/4-200330-B-6.wav,hen,bird,4,train
data/ESC-50/audio_16k/4-201988-A-44.wav,engine,motor,4,train
data/ESC-50/audio_16k/4-202749-A-13.wav,crickets,nature,4,train
data/ESC-50/audio_16k/4-204618-A-11.wav,sea_waves,nature,4,train
data/ESC-50/audio_16k/4-204830-A-6.wav,hen,bird,4,train
data/ESC-50/audio_16k/4-205526-A-23.wav,breathing,human,4,train
data/ESC-50/audio_16k/4-205526-B-23.wav,breathing,human,4,train
data/ESC-50/audio_16k/4-205738-A-22.wav,clapping,human,4,train
data/ESC-50/audio_16k/4-207116-A-23.wav,breathing,human,4,train
data/ESC-50/audio_16k/4-208021-A-1.wav,rooster,bird,4,train
data/ESC-50/audio_16k/4-210000-A-23.wav,breathing,human,4,train
data/ESC-50/audio_16k/4-210000-B-23.wav,breathing,human,4,train
data/ESC-50/audio_16k/4-216211-A-14.wav,chirping_birds,bird,4,train
data/ESC-50/audio_16k/4-223125-A-14.wav,chirping_birds,bird,4,train
data/ESC-50/audio_16k/4-223127-A-14.wav,chirping_birds,bird,4,train
data/ESC-50/audio_16k/4-232495-A-6.wav,hen,bird,4,train
data/ESC-50/audio_16k/4-234879-A-6.wav,hen,bird,4,train
data/ESC-50/audio_16k/4-244318-A-6.wav,hen,bird,4,train
data/ESC-50/audio_16k/4-253649-A-6.wav,hen,bird,4,train
data/ESC-50/audio_16k/4-59579-A-20.wav,crying_baby,human,4,train
data/ESC-50/audio_16k/4-59579-B-20.wav,crying_baby,human,4,train
data/ESC-50/audio_16k/4-67358-A-42.wav,siren,motor,4,train
data/ESC-50/audio_16k/4-80761-A-42.wav,siren,motor,4,train
data/ESC-50/audio_16k/4-90014-A-42.wav,siren,motor,4,train
data/ESC-50/audio_16k/4-90014-B-42.wav,siren,motor,4,train
data/ESC-50/audio_16k/5-117118-A-42.wav,siren,motor,5,val
data/ESC-50/audio_16k/5-117120-A-42.wav,siren,motor,5,val
data/ESC-50/audio_16k/5-117122-A-42.wav,siren,motor,5,val
data/ESC-50/audio_16k/5-117773-A-16.wav,wind,nature,5,val
data/ESC-50/audio_16k/5-133989-A-42.wav,siren,motor,5,val
data/ESC-50/audio_16k/5-133989-B-42.wav,siren,motor,5,val
data/ESC-50/audio_16k/5-150409-A-42.wav,siren,motor,5,val
data/ESC-50/audio_16k/5-151085-A-20.wav,crying_baby,human,5,val
data/ESC-50/audio_16k/5-156999-A-19.wav,thunderstorm,nature,5,val
data/ESC-50/audio_16k/5-156999-B-19.wav,thunderstorm,nature,5,val
data/ESC-50/audio_16k/5-156999-C-19.wav,thunderstorm,nature,5,val
data/ESC-50/audio_16k/5-156999-D-19.wav,thunderstorm,nature,5,val
data/ESC-50/audio_16k/5-156999-E-19.wav,thunderstorm,nature,5,val
data/ESC-50/audio_16k/5-157204-A-16.wav,wind,nature,5,val
data/ESC-50/audio_16k/5-157204-B-16.wav,wind,nature,5,val
data/ESC-50/audio_16k/5-160551-A-42.wav,siren,motor,5,val
data/ESC-50/audio_16k/5-170338-A-41.wav,chainsaw,motor,5,val
data/ESC-50/audio_16k/5-170338-B-41.wav,chainsaw,motor,5,val
data/ESC-50/audio_16k/5-171118-A-26.wav,laughing,human,5,val
data/ESC-50/audio_16k/5-171653-A-41.wav,chainsaw,motor,5,val
data/ESC-50/audio_16k/5-177957-A-40.wav,helicopter,motor,5,val
data/ESC-50/audio_16k/5-177957-B-40.wav,helicopter,motor,5,val
data/ESC-50/audio_16k/5-177957-C-40.wav,helicopter,motor,5,val
data/ESC-50/audio_16k/5-177957-D-40.wav,helicopter,motor,5,val
data/ESC-50/audio_16k/5-177957-E-40.wav,helicopter,motor,5,val
data/ESC-50/audio_16k/5-178997-A-24.wav,coughing,human,5,val
data/ESC-50/audio_16k/5-179496-A-16.wav,wind,nature,5,val
data/ESC-50/audio_16k/5-179496-B-16.wav,wind,nature,5,val
data/ESC-50/audio_16k/5-181766-A-10.wav,rain,nature,5,val
data/ESC-50/audio_16k/5-184323-A-42.wav,siren,motor,5,val
data/ESC-50/audio_16k/5-184871-A-24.wav,coughing,human,5,val
data/ESC-50/audio_16k/5-185579-A-41.wav,chainsaw,motor,5,val
data/ESC-50/audio_16k/5-185579-B-41.wav,chainsaw,motor,5,val
data/ESC-50/audio_16k/5-187979-A-21.wav,sneezing,human,5,val
data/ESC-50/audio_16k/5-188495-A-19.wav,thunderstorm,nature,5,val
data/ESC-50/audio_16k/5-188655-A-10.wav,rain,nature,5,val
data/ESC-50/audio_16k/5-188796-A-45.wav,train,motor,5,val
data/ESC-50/audio_16k/5-188945-A-45.wav,train,motor,5,val
data/ESC-50/audio_16k/5-191131-A-40.wav,helicopter,motor,5,val
data/ESC-50/audio_16k/5-192191-A-19.wav,thunderstorm,nature,5,val
data/ESC-50/audio_16k/5-193339-A-10.wav,rain,nature,5,val
data/ESC-50/audio_16k/5-194533-A-21.wav,sneezing,human,5,val
data/ESC-50/audio_16k/5-194892-A-10.wav,rain,nature,5,val
data/ESC-50/audio_16k/5-194930-A-1.wav,rooster,bird,5,val
data/ESC-50/audio_16k/5-194930-B-1.wav,rooster,bird,5,val
data/ESC-50/audio_16k/5-194932-A-7.wav,insects,nature,5,val
data/ESC-50/audio_16k/5-195517-A-7.wav,insects,nature,5,val
data/ESC-50/audio_16k/5-195518-A-7.wav,insects,nature,5,val
data/ESC-50/audio_16k/5-195557-A-19.wav,thunderstorm,nature,5,val
data/ESC-50/audio_16k/5-195710-A-10.wav,rain,nature,5,val
data/ESC-50/audio_16k/5-197118-A-45.wav,train,motor,5,val
data/ESC-50/audio_16k/5-197121-A-45.wav,train,motor,5,val
data/ESC-50/audio_16k/5-197121-B-45.wav,train,motor,5,val
data/ESC-50/audio_16k/5-197446-A-7.wav,insects,nature,5,val
data/ESC-50/audio_16k/5-198278-A-7.wav,insects,nature,5,val
data/ESC-50/audio_16k/5-198278-B-7.wav,insects,nature,5,val
data/ESC-50/audio_16k/5-198278-C-7.wav,insects,nature,5,val
data/ESC-50/audio_16k/5-198321-A-10.wav,rain,nature,5,val
data/ESC-50/audio_16k/5-198411-A-20.wav,crying_baby,human,5,val
data/ESC-50/audio_16k/5-198411-B-20.wav,crying_baby,human,5,val
data/ESC-50/audio_16k/5-198411-C-20.wav,crying_baby,human,5,val
data/ESC-50/audio_16k/5-198411-D-20.wav,crying_baby,human,5,val
data/ESC-50/audio_16k/5-198411-E-20.wav,crying_baby,human,5,val
data/ESC-50/audio_16k/5-198411-F-20.wav,crying_baby,human,5,val
data/ESC-50/audio_16k/5-198411-G-20.wav,crying_baby,human,5,val
data/ESC-50/audio_16k/5-198600-A-45.wav,train,motor,5,val
data/ESC-50/audio_16k/5-199284-A-45.wav,train,motor,5,val
data/ESC-50/audio_16k/5-199284-B-45.wav,train,motor,5,val
data/ESC-50/audio_16k/5-200334-A-1.wav,rooster,bird,5,val
data/ESC-50/audio_16k/5-200334-B-1.wav,rooster,bird,5,val
data/ESC-50/audio_16k/5-200339-A-1.wav,rooster,bird,5,val
data/ESC-50/audio_16k/5-200461-A-11.wav,sea_waves,nature,5,val
data/ESC-50/audio_16k/5-200461-B-11.wav,sea_waves,nature,5,val
data/ESC-50/audio_16k/5-201274-A-21.wav,sneezing,human,5,val
data/ESC-50/audio_16k/5-202220-A-21.wav,sneezing,human,5,val
data/ESC-50/audio_16k/5-202898-A-10.wav,rain,nature,5,val
data/ESC-50/audio_16k/5-203739-A-10.wav,rain,nature,5,val
data/ESC-50/audio_16k/5-204352-A-13.wav,crickets,nature,5,val
data/ESC-50/audio_16k/5-204352-B-13.wav,crickets,nature,5,val
data/ESC-50/audio_16k/5-204604-A-24.wav,coughing,human,5,val
data/ESC-50/audio_16k/5-205898-A-40.wav,helicopter,motor,5,val
data/ESC-50/audio_16k/5-207681-A-24.wav,coughing,human,5,val
data/ESC-50/audio_16k/5-208761-A-24.wav,coughing,human,5,val
data/ESC-50/audio_16k/5-208810-A-11.wav,sea_waves,nature,5,val
data/ESC-50/audio_16k/5-208810-B-11.wav,sea_waves,nature,5,val
data/ESC-50/audio_16k/5-209719-A-24.wav,coughing,human,5,val
data/ESC-50/audio_16k/5-209989-A-22.wav,clapping,human,5,val
data/ESC-50/audio_16k/5-209992-A-44.wav,engine,motor,5,val
data/ESC-50/audio_16k/5-209992-B-44.wav,engine,motor,5,val
data/ESC-50/audio_16k/5-210540-A-13.wav,crickets,nature,5,val
data/ESC-50/audio_16k/5-211197-A-24.wav,coughing,human,5,val
data/ESC-50/audio_16k/5-213077-A-11.wav,sea_waves,nature,5,val
data/ESC-50/audio_16k/5-213293-A-23.wav,breathing,human,5,val
data/ESC-50/audio_16k/5-213836-A-9.wav,crow,bird,5,val
data/ESC-50/audio_16k/5-213836-B-9.wav,crow,bird,5,val
data/ESC-50/audio_16k/5-213836-C-9.wav,crow,bird,5,val
data/ESC-50/audio_16k/5-213836-D-9.wav,crow,bird,5,val
data/ESC-50/audio_16k/5-214869-A-9.wav,crow,bird,5,val
data/ESC-50/audio_16k/5-215172-A-13.wav,crickets,nature,5,val
data/ESC-50/audio_16k/5-215179-A-13.wav,crickets,nature,5,val
data/ESC-50/audio_16k/5-216213-A-13.wav,crickets,nature,5,val
data/ESC-50/audio_16k/5-216214-A-13.wav,crickets,nature,5,val
data/ESC-50/audio_16k/5-216216-A-13.wav,crickets,nature,5,val
data/ESC-50/audio_16k/5-216370-A-41.wav,chainsaw,motor,5,val
data/ESC-50/audio_16k/5-216370-B-41.wav,chainsaw,motor,5,val
data/ESC-50/audio_16k/5-217186-A-16.wav,wind,nature,5,val
data/ESC-50/audio_16k/5-217186-B-16.wav,wind,nature,5,val
data/ESC-50/audio_16k/5-217186-C-16.wav,wind,nature,5,val
data/ESC-50/audio_16k/5-218494-A-22.wav,clapping,human,5,val
data/ESC-50/audio_16k/5-219379-A-11.wav,sea_waves,nature,5,val
data/ESC-50/audio_16k/5-219379-B-11.wav,sea_waves,nature,5,val
data/ESC-50/audio_16k/5-219379-C-11.wav,sea_waves,nature,5,val
data/ESC-50/audio_16k/5-220026-A-21.wav,sneezing,human,5,val
data/ESC-50/audio_16k/5-220027-A-21.wav,sneezing,human,5,val
data/ESC-50/audio_16k/5-220955-A-40.wav,helicopter,motor,5,val
data/ESC-50/audio_16k/5-221518-A-21.wav,sneezing,human,5,val
data/ESC-50/audio_16k/5-221567-A-22.wav,clapping,human,5,val
data/ESC-50/audio_16k/5-221568-A-22.wav,clapping,human,5,val
data/ESC-50/audio_16k/5-221593-A-21.wav,sneezing,human,5,val
data/ESC-50/audio_16k/5-221950-A-22.wav,clapping,human,5,val
data/ESC-50/audio_16k/5-222041-A-9.wav,crow,bird,5,val
data/ESC-50/audio_16k/5-222524-A-41.wav,chainsaw,motor,5,val
data/ESC-50/audio_16k/5-232272-A-44.wav,engine,motor,5,val
data/ESC-50/audio_16k/5-232816-A-23.wav,breathing,human,5,val
data/ESC-50/audio_16k/5-233160-A-1.wav,rooster,bird,5,val
data/ESC-50/audio_16k/5-233260-A-23.wav,breathing,human,5,val
data/ESC-50/audio_16k/5-233787-A-7.wav,insects,nature,5,val
data/ESC-50/audio_16k/5-234335-A-23.wav,breathing,human,5,val
data/ESC-50/audio_16k/5-234879-A-1.wav,rooster,bird,5,val
data/ESC-50/audio_16k/5-234879-B-1.wav,rooster,bird,5,val
data/ESC-50/audio_16k/5-235507-A-44.wav,engine,motor,5,val
data/ESC-50/audio_16k/5-235593-A-23.wav,breathing,human,5,val
data/ESC-50/audio_16k/5-238492-A-23.wav,breathing,human,5,val
data/ESC-50/audio_16k/5-240671-A-44.wav,engine,motor,5,val
data/ESC-50/audio_16k/5-242490-A-14.wav,chirping_birds,bird,5,val
data/ESC-50/audio_16k/5-242491-A-14.wav,chirping_birds,bird,5,val
data/ESC-50/audio_16k/5-242711-A-9.wav,crow,bird,5,val
data/ESC-50/audio_16k/5-242932-A-26.wav,laughing,human,5,val
data/ESC-50/audio_16k/5-242932-B-26.wav,laughing,human,5,val
data/ESC-50/audio_16k/5-243448-A-14.wav,chirping_birds,bird,5,val
data/ESC-50/audio_16k/5-243449-A-14.wav,chirping_birds,bird,5,val
data/ESC-50/audio_16k/5-243450-A-14.wav,chirping_birds,bird,5,val
data/ESC-50/audio_16k/5-243459-A-14.wav,chirping_birds,bird,5,val
data/ESC-50/audio_16k/5-243459-B-14.wav,chirping_birds,bird,5,val
data/ESC-50/audio_16k/5-243773-A-44.wav,engine,motor,5,val
data/ESC-50/audio_16k/5-243773-B-44.wav,engine,motor,5,val
data/ESC-50/audio_16k/5-243783-A-44.wav,engine,motor,5,val
data/ESC-50/audio_16k/5-244315-A-6.wav,hen,bird,5,val
data/ESC-50/audio_16k/5-244315-B-6.wav,hen,bird,5,val
data/ESC-50/audio_16k/5-244315-C-6.wav,hen,bird,5,val
data/ESC-50/audio_16k/5-244526-A-26.wav,laughing,human,5,val
data/ESC-50/audio_16k/5-248341-A-6.wav,hen,bird,5,val
data/ESC-50/audio_16k/5-248341-B-6.wav,hen,bird,5,val
data/ESC-50/audio_16k/5-248341-C-6.wav,hen,bird,5,val
data/ESC-50/audio_16k/5-249937-A-22.wav,clapping,human,5,val
data/ESC-50/audio_16k/5-251489-A-24.wav,coughing,human,5,val
data/ESC-50/audio_16k/5-253534-A-26.wav,laughing,human,5,val
data/ESC-50/audio_16k/5-254160-A-22.wav,clapping,human,5,val
data/ESC-50/audio_16k/5-257839-A-14.wav,chirping_birds,bird,5,val
data/ESC-50/audio_16k/5-259514-A-26.wav,laughing,human,5,val
data/ESC-50/audio_16k/5-260164-A-23.wav,breathing,human,5,val
data/ESC-50/audio_16k/5-261325-A-9.wav,crow,bird,5,val
data/ESC-50/audio_16k/5-261464-A-23.wav,breathing,human,5,val
data/ESC-50/audio_16k/5-262957-A-22.wav,clapping,human,5,val
data/ESC-50/audio_16k/5-263775-A-26.wav,laughing,human,5,val
data/ESC-50/audio_16k/5-263775-B-26.wav,laughing,human,5,val
data/ESC-50/audio_16k/5-263831-A-6.wav,hen,bird,5,val
data/ESC-50/audio_16k/5-263831-B-6.wav,hen,bird,5,val
